ride_id,requested_at,date,hour_of_day,day_of_week,is_weekend,is_rush_hour,pickup_zone,dropoff_zone,pickup_lat,pickup_lng,dropoff_lat,dropoff_lng,trip_distance_km,weather_condition,temperature_c,traffic_density,demand_index,supply_index,surge_multiplier,duration_min,base_fare_eur,fare_amount_eur,payment_status,driver_id,user_id
ride_0000000,2025-01-01 00:19:06,2025-01-01,0,2,0,0,Gornji grad,Novi Zagreb,45.815371,15.974209,45.779556,15.990704,4.183,rain,-1.2,0.12,2,1.55,1.34,10.06,7.36,10.02,paid,59,user_00921
ride_0000001,2025-01-01 00:28:46,2025-01-01,0,2,0,0,Novi Zagreb,Tresnjevka,45.773433,15.988799,45.79205,15.93951,4.347,rain,2.9,0.12,1,2.9,1.15,12.09,7.9,8.88,paid,17,user_01947
ride_0000002,2025-01-01 00:32:08,2025-01-01,0,2,0,0,Gornji grad,Airport,45.814691,15.973739,45.748762,16.069849,10.454,rain,-2.8,0.12,2,1.55,1.1,23.82,15.13,16.11,paid,19,user_00435
ride_0000003,2025-01-01 00:48:16,2025-01-01,0,2,0,0,Tresnjevka,Gornji grad,45.815751,15.94724,45.812651,15.962975,1.267,rain,-2.1,0.12,1,2.75,1.24,4.85,3.98,5.02,paid,33,user_02083
ride_0000004,2025-01-01 01:37:30,2025-01-01,1,2,0,0,Maksimir,Sesvete,45.829532,16.010119,45.836036,16.112081,7.933,rain,0.2,0.12,1,1.44,1.25,16.49,11.64,14.4,paid,60,user_03745
ride_0000005,2025-01-01 02:06:31,2025-01-01,2,2,0,0,Pescenica,Airport,45.797933,16.038536,45.743865,16.068359,6.442,rain,4.3,0.12,1,1.02,1.16,17.04,10.56,12.41,paid,2,user_03089
ride_0000006,2025-01-01 03:22:35,2025-01-01,3,2,0,0,Dubrava,Airport,45.843924,16.049317,45.74203,16.066929,11.412,rain,-3.0,0.12,1,1.27,1.23,31.67,17.46,20.26,paid,17,user_01242
ride_0000007,2025-01-01 03:56:00,2025-01-01,3,2,0,0,Tresnjevka,Gornji grad,45.803477,15.942867,45.817972,15.973617,2.877,rain,4.6,0.12,1,1.43,1.32,7.08,5.72,7.57,paid,17,user_00528
ride_0000008,2025-01-01 04:05:44,2025-01-01,4,2,0,0,Novi Zagreb,Jarun,45.763412,15.985253,45.781194,15.944951,3.699,rain,0.4,0.12,1,1.62,1.12,11.77,7.31,7.59,paid,27,user_00496
ride_0000009,2025-01-01 05:06:39,2025-01-01,5,2,0,0,Novi Zagreb,Dubrava,45.769121,15.984257,45.832138,16.03526,8.046,rain,-4.9,0.12,1,2.55,1.17,24.85,13.41,15.47,paid,17,user_01816
ride_0000010,2025-01-01 05:11:10,2025-01-01,5,2,0,0,Gornji grad,Donji grad,45.817277,15.967068,45.807213,15.97606,1.318,rain,-1.3,0.12,2,1.36,1.17,5.57,4.17,4.89,paid,26,user_02365
ride_0000011,2025-01-01 05:16:02,2025-01-01,5,2,0,0,Airport,Sesvete,45.742474,16.080314,45.839505,16.112086,11.067,rain,-3.0,0.12,1,1.23,1.24,36.49,18.15,22.44,paid,6,user_03334
ride_0000012,2025-01-01 05:44:52,2025-01-01,5,2,0,0,Pescenica,Donji grad,45.802474,16.03084,45.810401,15.977787,4.206,rain,-1.8,0.12,1,1.5,1.19,11.65,7.69,9.09,paid,33,user_00174
ride_0000013,2025-01-01 05:48:54,2025-01-01,5,2,0,0,Jarun,Dubrava,45.78442,15.942595,45.82557,16.045013,9.163,rain,-3.0,0.12,2,1.63,1.21,31.26,15.58,18.32,paid,20,user_03209
ride_0000014,2025-01-01 05:49:32,2025-01-01,5,2,0,0,Velika Gorica,Gornji grad,45.714425,16.075284,45.816421,15.973941,13.799,rain,0.8,0.12,1,1.5,1.16,50.99,23.24,26.62,paid,59,user_03431
ride_0000015,2025-01-01 05:54:55,2025-01-01,5,2,0,0,Gornji grad,Dubrava,45.819846,15.983844,45.829666,16.038674,4.387,rain,1.7,0.12,2,1.36,1.32,10.74,7.66,10.32,paid,10,user_01139
ride_0000016,2025-01-01 05:57:06,2025-01-01,5,2,0,0,Jarun,Maksimir,45.794509,15.933041,45.819071,16.024929,7.628,rain,-3.2,0.12,2,1.63,1.09,15.91,11.28,12.51,paid,29,user_02378
ride_0000017,2025-01-01 06:00:00,2025-01-01,6,2,0,0,Tresnjevka,Donji grad,45.804435,15.942872,45.811317,15.976063,2.684,rain,2.8,0.35,4,4.95,1.23,10.15,6.18,7.27,paid,50,user_02424
ride_0000018,2025-01-01 06:14:14,2025-01-01,6,2,0,0,Crnomerec,Velika Gorica,45.818747,15.944109,45.714239,16.077865,15.578,rain,-0.2,0.35,1,3.6,1.12,45.38,23.54,25.96,paid,52,user_03108
ride_0000019,2025-01-01 06:18:26,2025-01-01,6,2,0,0,Tresnjevka,Gornji grad,45.807079,15.936339,45.811234,15.965844,2.333,rain,1.7,0.35,4,4.95,1.21,8.34,5.53,6.8,paid,31,user_03674
ride_0000020,2025-01-01 06:24:10,2025-01-01,6,2,0,0,Tresnjevka,Donji grad,45.794375,15.947566,45.807791,15.967603,2.154,rain,-1.5,0.35,4,4.95,1.21,4.8,4.68,5.91,paid,47,user_00735
ride_0000021,2025-01-01 06:24:35,2025-01-01,6,2,0,0,Jarun,Novi Zagreb,45.774502,15.939638,45.763665,15.987198,3.881,rain,2.3,0.35,1,3.33,1.29,9.65,7.03,9.19,paid,60,user_03181
ride_0000022,2025-01-01 06:28:35,2025-01-01,6,2,0,0,Maksimir,Crnomerec,45.827995,16.027582,45.816891,15.92917,7.725,rain,-1.0,0.35,4,3.6,1.35,17.87,11.75,16.51,paid,33,user_00050
ride_0000023,2025-01-01 06:29:39,2025-01-01,6,2,0,0,Novi Zagreb,Dubrava,45.766805,15.993194,45.826451,16.047978,7.876,rain,2.9,0.35,2,5.22,1.11,17.71,11.84,13.36,paid,56,user_03098
ride_0000024,2025-01-01 06:31:36,2025-01-01,6,2,0,0,Tresnjevka,Sesvete,45.79452,15.945177,45.824424,16.106372,12.929,rain,-1.6,0.35,4,4.95,1.2,28.11,17.97,22.19,paid,8,user_02260
ride_0000025,2025-01-01 06:31:58,2025-01-01,6,2,0,0,Novi Zagreb,Crnomerec,45.761997,15.985199,45.816065,15.944344,6.796,rain,-3.8,0.35,2,5.22,1.16,15.23,10.48,11.63,paid,31,user_00219
ride_0000026,2025-01-01 06:32:37,2025-01-01,6,2,0,0,Velika Gorica,Donji grad,45.718888,16.082177,45.808126,15.984817,12.47,rain,-2.2,0.35,2,3.06,1.28,46.67,21.31,27.02,paid,27,user_00621
ride_0000027,2025-01-01 06:38:16,2025-01-01,6,2,0,0,Maksimir,Pescenica,45.829399,16.020776,45.798259,16.031267,3.557,rain,-2.2,0.35,4,3.6,1.25,10.01,6.85,8.78,paid,32,user_01258
ride_0000028,2025-01-01 06:39:59,2025-01-01,6,2,0,0,Maksimir,Trnje,45.820555,16.016094,45.799564,15.985062,3.352,rain,2.9,0.35,4,3.6,1.18,10.44,6.77,8.31,paid,51,user_03805
ride_0000029,2025-01-01 06:40:48,2025-01-01,6,2,0,0,Velika Gorica,Novi Zagreb,45.705992,16.066988,45.757386,15.986334,8.476,rain,-0.5,0.35,2,3.06,1.26,19.26,12.63,15.79,paid,8,user_03089
ride_0000030,2025-01-01 06:41:17,2025-01-01,6,2,0,0,Maksimir,Jarun,45.826493,16.007363,45.770513,15.940294,8.111,rain,1.7,0.35,4,3.6,1.06,20.69,12.63,13.24,paid,3,user_00426
ride_0000031,2025-01-01 06:44:22,2025-01-01,6,2,0,0,Trnje,Jarun,45.794176,15.987072,45.788404,15.934278,4.143,rain,4.8,0.35,1,4.14,1.18,11.47,7.61,8.42,paid,11,user_02212
ride_0000032,2025-01-01 06:55:47,2025-01-01,6,2,0,0,Gornji grad,Jarun,45.821291,15.962115,45.784645,15.940389,4.409,rain,5.2,0.35,1,2.79,1.31,14.17,8.36,10.49,paid,15,user_02399
ride_0000033,2025-01-01 07:01:55,2025-01-01,7,2,0,1,Crnomerec,Jarun,45.820421,15.940315,45.785966,15.938986,3.833,rain,0.8,0.92,7,5.6,1.39,19.61,8.99,12.13,paid,56,user_00754
ride_0000034,2025-01-01 07:04:21,2025-01-01,7,2,0,1,Maksimir,Donji grad,45.823382,16.009513,45.819574,15.98715,1.784,rain,-2.4,0.92,3,5.6,1.33,9.87,5.4,7.04,paid,9,user_01274
ride_0000035,2025-01-01 07:05:34,2025-01-01,7,2,0,1,Crnomerec,Trnje,45.822362,15.931244,45.782853,15.990415,6.351,rain,-2.7,0.92,7,5.6,1.49,25.41,12.16,17.98,paid,42,user_03398
ride_0000036,2025-01-01 07:08:02,2025-01-01,7,2,0,1,Donji grad,Trnje,45.80602,15.975204,45.796698,15.983672,1.227,rain,-6.4,0.92,1,7.28,1.17,6.57,4.3,5.18,paid,45,user_00413
ride_0000037,2025-01-01 07:09:00,2025-01-01,7,2,0,1,Tresnjevka,Dubrava,45.8035,15.944926,45.838793,16.034405,7.967,rain,-0.3,0.92,5,7.7,1.72,29.26,14.23,24.99,paid,17,user_01959
ride_0000038,2025-01-01 07:09:13,2025-01-01,7,2,0,1,Novi Zagreb,Airport,45.772115,15.980342,45.742337,16.074382,8.012,rain,3.4,0.92,6,8.12,1.82,22.05,12.82,23.19,paid,51,user_01015
ride_0000039,2025-01-01 07:13:29,2025-01-01,7,2,0,1,Crnomerec,Velika Gorica,45.811131,15.930645,45.713889,16.072889,15.449,rain,-0.2,0.92,7,5.6,1.67,71.18,28.6,46.95,paid,7,user_01462
ride_0000040,2025-01-01 07:13:33,2025-01-01,7,2,0,1,Novi Zagreb,Donji grad,45.760406,15.992786,45.805378,15.984389,5.043,rain,-1.6,0.92,6,8.12,1.69,21.16,10.27,18.16,paid,16,user_03699
ride_0000041,2025-01-01 07:14:55,2025-01-01,7,2,0,1,Novi Zagreb,Jarun,45.76191,15.985011,45.790898,15.941527,4.665,rain,-3.1,0.92,6,8.12,1.72,26.4,11.01,18.43,paid,30,user_01844
ride_0000042,2025-01-01 07:15:30,2025-01-01,7,2,0,1,Pescenica,Airport,45.792771,16.017458,45.737791,16.064053,7.102,rain,3.7,0.92,6,4.76,1.23,32.4,14.16,18.27,paid,3,user_00204
ride_0000043,2025-01-01 07:15:47,2025-01-01,7,2,0,1,Jarun,Novi Zagreb,45.787518,15.941888,45.782879,15.992271,3.941,rain,-0.2,0.92,5,5.18,1.17,17.4,8.63,10.58,paid,39,user_01754
ride_0000044,2025-01-01 07:16:14,2025-01-01,7,2,0,1,Velika Gorica,Maksimir,45.710088,16.081204,45.812058,16.010748,12.587,rain,-2.1,0.92,2,4.76,1.49,52.0,22.47,33.34,paid,52,user_02551
ride_0000045,2025-01-01 07:19:04,2025-01-01,7,2,0,1,Jarun,Airport,45.79022,15.938966,45.750588,16.066608,10.837,rain,0.7,0.92,5,5.18,1.13,41.6,18.99,22.3,paid,3,user_01736
ride_0000046,2025-01-01 07:20:53,2025-01-01,7,2,0,1,Pescenica,Trnje,45.787854,16.029905,45.790122,15.98315,3.634,rain,-4.8,0.92,6,4.76,1.35,11.53,7.21,9.18,paid,34,user_01302
ride_0000047,2025-01-01 07:22:02,2025-01-01,7,2,0,1,Trnje,Velika Gorica,45.797413,15.98064,45.706067,16.078858,12.698,rain,-1.5,0.92,4,6.44,1.5,50.85,22.33,35.6,paid,7,user_02488
ride_0000048,2025-01-01 07:22:06,2025-01-01,7,2,0,1,Trnje,Gornji grad,45.799124,15.987422,45.808889,15.977408,1.335,rain,1.1,0.92,4,6.44,1.38,6.73,4.41,6.0,paid,46,user_02854
ride_0000049,2025-01-01 07:22:30,2025-01-01,7,2,0,1,Jarun,Sesvete,45.785081,15.943008,45.832602,16.121,14.773,rain,-0.6,0.92,5,5.18,1.22,53.2,24.46,28.98,paid,19,user_02349
ride_0000050,2025-01-01 07:25:58,2025-01-01,7,2,0,1,Novi Zagreb,Donji grad,45.780796,15.98364,45.803973,15.978773,2.605,rain,-3.3,0.92,6,8.12,1.92,14.79,7.04,13.66,paid,10,user_01153
ride_0000051,2025-01-01 07:26:12,2025-01-01,7,2,0,1,Novi Zagreb,Airport,45.764428,15.989692,45.748671,16.063725,6.005,rain,2.0,0.92,6,8.12,1.63,25.78,11.96,19.54,paid,30,user_01577
ride_0000052,2025-01-01 07:28:11,2025-01-01,7,2,0,1,Maksimir,Donji grad,45.828379,16.021766,45.805682,15.975146,4.407,rain,2.7,0.92,3,5.6,1.38,15.87,8.7,11.48,paid,20,user_00408
ride_0000053,2025-01-01 07:31:01,2025-01-01,7,2,0,1,Tresnjevka,Donji grad,45.797618,15.945174,45.809954,15.97415,2.632,rain,-1.3,0.92,5,7.7,1.54,11.82,6.47,10.02,paid,42,user_03583
ride_0000054,2025-01-01 07:31:15,2025-01-01,7,2,0,1,Jarun,Trnje,45.774549,15.943707,45.793103,15.979474,3.457,rain,3.7,0.92,5,5.18,1.33,11.85,7.14,9.46,paid,36,user_00970
ride_0000055,2025-01-01 07:31:43,2025-01-01,7,2,0,1,Dubrava,Pescenica,45.830432,16.034142,45.798863,16.03205,3.514,rain,3.6,0.92,2,6.86,1.68,13.44,7.5,12.36,paid,17,user_03034
ride_0000056,2025-01-01 07:32:08,2025-01-01,7,2,0,1,Jarun,Donji grad,45.786779,15.951096,45.80943,15.975677,3.158,rain,2.2,0.92,5,5.18,1.21,19.04,8.33,9.69,paid,12,user_03991
ride_0000057,2025-01-01 07:34:35,2025-01-01,7,2,0,1,Crnomerec,Donji grad,45.810959,15.939723,45.808069,15.987217,3.695,rain,0.4,0.92,7,5.6,1.49,17.18,8.39,12.51,paid,35,user_03590
ride_0000058,2025-01-01 07:37:39,2025-01-01,7,2,0,1,Tresnjevka,Donji grad,45.802606,15.942174,45.794637,15.981742,3.193,rain,-1.8,0.92,5,7.7,1.57,11.95,6.94,10.85,paid,52,user_00966
ride_0000059,2025-01-01 07:37:46,2025-01-01,7,2,0,1,Trnje,Donji grad,45.793635,15.986965,45.795473,15.971249,1.235,rain,-2.9,0.92,4,6.44,1.34,6.48,4.28,5.48,paid,5,user_00457
ride_0000060,2025-01-01 07:38:19,2025-01-01,7,2,0,1,Dubrava,Donji grad,45.838457,16.042392,45.815255,15.980934,5.416,rain,2.3,0.92,2,6.86,1.73,29.14,12.16,20.86,paid,52,user_00120
ride_0000061,2025-01-01 07:40:05,2025-01-01,7,2,0,1,Pescenica,Crnomerec,45.795322,16.028453,45.816973,15.933982,7.708,rain,1.9,0.92,6,4.76,1.0,22.04,12.57,12.3,paid,27,user_02871
ride_0000062,2025-01-01 07:40:41,2025-01-01,7,2,0,1,Pescenica,Donji grad,45.79838,16.037301,45.808565,15.978596,4.689,rain,1.5,0.92,6,4.76,1.22,16.12,8.98,11.14,paid,48,user_02030
ride_0000063,2025-01-01 07:41:26,2025-01-01,7,2,0,1,Crnomerec,Velika Gorica,45.822866,15.943997,45.712137,16.071471,15.791,rain,0.9,0.92,7,5.6,1.63,81.6,30.95,51.9,paid,9,user_02394
ride_0000064,2025-01-01 07:42:58,2025-01-01,7,2,0,1,Velika Gorica,Maksimir,45.712633,16.076416,45.820137,16.016026,12.839,rain,4.4,0.92,2,4.76,1.57,69.51,26.17,39.17,paid,53,user_01911
ride_0000065,2025-01-01 07:43:03,2025-01-01,7,2,0,1,Maksimir,Velika Gorica,45.825239,16.013903,45.707149,16.074184,13.939,rain,-3.4,0.92,3,5.6,1.36,58.66,24.88,33.8,paid,8,user_01180
ride_0000066,2025-01-01 07:43:21,2025-01-01,7,2,0,1,Tresnjevka,Pescenica,45.799031,15.94363,45.79614,16.031099,6.789,rain,2.5,0.92,5,7.7,1.61,21.12,11.66,19.13,paid,53,user_01354
ride_0000067,2025-01-01 07:46:51,2025-01-01,7,2,0,1,Tresnjevka,Trnje,45.807366,15.939375,45.781958,15.993708,5.072,rain,-0.9,0.92,5,7.7,1.77,24.36,10.93,19.38,paid,43,user_02362
ride_0000068,2025-01-01 07:50:42,2025-01-01,7,2,0,1,Novi Zagreb,Pescenica,45.760359,15.990452,45.793994,16.023082,4.516,rain,5.5,0.92,6,8.12,2.03,,,,cancelled,50,user_01269
ride_0000069,2025-01-01 07:53:46,2025-01-01,7,2,0,1,Crnomerec,Jarun,45.818535,15.945032,45.792717,15.942791,2.876,rain,-2.3,0.92,7,5.6,1.29,12.75,6.85,9.23,paid,18,user_01018
ride_0000070,2025-01-01 07:56:02,2025-01-01,7,2,0,1,Trnje,Airport,45.803458,15.983044,45.737913,16.066575,9.752,rain,-4.4,0.92,4,6.44,1.31,32.11,16.22,21.94,paid,12,user_01169
ride_0000071,2025-01-01 07:57:29,2025-01-01,7,2,0,1,Pescenica,Velika Gorica,45.806845,16.021072,45.706075,16.07271,11.9,rain,2.8,0.92,6,4.76,1.2,51.83,21.89,27.32,paid,52,user_01860
ride_0000072,2025-01-01 07:57:38,2025-01-01,7,2,0,1,Pescenica,Airport,45.791034,16.033174,45.744726,16.064302,5.687,rain,4.0,0.92,6,4.76,1.2,28.14,12.18,15.24,paid,27,user_01682
ride_0000073,2025-01-01 07:59:55,2025-01-01,7,2,0,1,Crnomerec,Trnje,45.81242,15.933273,45.790196,15.984618,4.685,rain,0.5,0.92,7,5.6,1.41,18.45,9.44,13.66,paid,24,user_00711
ride_0000074,2025-01-01 08:00:12,2025-01-01,8,2,0,1,Pescenica,Novi Zagreb,45.80162,16.025675,45.773421,15.989942,4.184,rain,-0.6,0.92,5,5.44,1.45,17.47,8.84,13.34,paid,47,user_02586
ride_0000075,2025-01-01 08:00:19,2025-01-01,8,2,0,1,Sesvete,Donji grad,45.830525,16.115083,45.813181,15.978644,10.747,rain,1.8,0.92,6,6.88,2.07,38.55,18.31,39.64,paid,5,user_01861
ride_0000076,2025-01-01 08:00:33,2025-01-01,8,2,0,1,Maksimir,Gornji grad,45.818583,16.013036,45.816624,15.966352,3.624,rain,-2.2,0.92,4,6.4,1.66,19.93,8.89,15.15,paid,24,user_03315
ride_0000077,2025-01-01 08:01:35,2025-01-01,8,2,0,1,Trnje,Airport,45.798084,15.988342,45.751389,16.075903,8.548,rain,5.4,0.92,5,7.36,1.59,37.12,16.26,25.81,paid,41,user_01635
ride_0000078,2025-01-01 08:01:55,2025-01-01,8,2,0,1,Tresnjevka,Gornji grad,45.801608,15.949793,45.815356,15.973495,2.39,rain,-7.6,0.92,4,8.8,1.96,12.1,6.33,12.54,paid,46,user_00430
ride_0000079,2025-01-01 08:01:59,2025-01-01,8,2,0,1,Dubrava,Airport,45.835046,16.044297,45.743975,16.065454,10.259,rain,0.1,0.92,8,7.84,1.9,,,,cancelled,7,user_00381
ride_0000080,2025-01-01 08:03:23,2025-01-01,8,2,0,1,Sesvete,Pescenica,45.833557,16.107923,45.802508,16.035569,6.585,rain,3.2,0.92,6,6.88,1.94,31.57,13.58,25.35,paid,52,user_00549
ride_0000081,2025-01-01 08:03:51,2025-01-01,8,2,0,1,Airport,Donji grad,45.74154,16.078575,45.807968,15.976182,10.845,rain,-2.3,0.92,1,4.48,1.15,47.27,20.13,23.75,paid,34,user_02156
ride_0000082,2025-01-01 08:05:26,2025-01-01,8,2,0,1,Donji grad,Pescenica,45.810403,15.972156,45.799434,16.030017,4.648,rain,-0.4,0.92,1,8.32,1.23,16.94,9.11,11.18,paid,6,user_00140
ride_0000083,2025-01-01 08:05:40,2025-01-01,8,2,0,1,Tresnjevka,Pescenica,45.802399,15.947505,45.788726,16.03124,6.667,rain,1.5,0.92,4,8.8,1.95,33.34,14.0,27.58,paid,36,user_00162
ride_0000084,2025-01-01 08:06:28,2025-01-01,8,2,0,1,Dubrava,Gornji grad,45.837365,16.033288,45.816897,15.975093,5.051,rain,-3.8,0.92,8,7.84,1.97,22.63,10.57,20.35,paid,42,user_00961
ride_0000085,2025-01-01 08:08:09,2025-01-01,8,2,0,1,Gornji grad,Donji grad,45.818033,15.976923,45.814799,15.986405,0.818,rain,2.1,0.92,2,4.96,1.07,4.5,3.55,3.8,paid,58,user_00831
ride_0000086,2025-01-01 08:08:49,2025-01-01,8,2,0,1,Pescenica,Crnomerec,45.798564,16.028077,45.819815,15.924159,8.394,rain,-10.6,0.92,5,5.44,1.53,33.73,15.46,22.89,paid,23,user_01876
ride_0000087,2025-01-01 08:10:18,2025-01-01,8,2,0,1,Sesvete,Maksimir,45.823409,16.111789,45.823364,16.01239,7.702,rain,4.8,0.92,6,6.88,2.06,,,,cancelled,43,user_01466
ride_0000088,2025-01-01 08:10:25,2025-01-01,8,2,0,1,Gornji grad,Donji grad,45.820673,15.979763,45.815213,15.983609,0.676,rain,2.1,0.92,2,4.96,1.24,3.23,3.19,3.83,paid,23,user_02690
ride_0000089,2025-01-01 08:11:14,2025-01-01,8,2,0,1,Dubrava,Jarun,45.829182,16.035936,45.785146,15.943003,8.71,rain,3.3,0.92,8,7.84,2.06,38.84,16.74,33.64,paid,9,user_03406
ride_0000090,2025-01-01 08:15:07,2025-01-01,8,2,0,1,Tresnjevka,Donji grad,45.79968,15.941058,45.80626,15.980927,3.176,rain,1.4,0.92,4,8.8,2.06,,,,cancelled,20,user_02670
ride_0000091,2025-01-01 08:17:09,2025-01-01,8,2,0,1,Novi Zagreb,Trnje,45.777764,15.992862,45.80237,15.974834,3.072,rain,-2.3,0.92,5,9.28,2.23,19.16,8.29,18.66,paid,5,user_03552
ride_0000092,2025-01-01 08:17:11,2025-01-01,8,2,0,1,Trnje,Airport,45.793936,15.978975,45.741761,16.06039,8.575,rain,1.0,0.92,5,7.36,1.69,,,,cancelled,2,user_01692
ride_0000093,2025-01-01 08:20:21,2025-01-01,8,2,0,1,Novi Zagreb,Trnje,45.772271,15.989447,45.791483,15.981356,2.227,rain,-2.3,0.92,5,9.28,2.05,8.85,5.55,11.54,paid,32,user_01430
ride_0000094,2025-01-01 08:21:24,2025-01-01,8,2,0,1,Dubrava,Donji grad,45.83581,16.042223,45.80914,15.979904,5.667,rain,4.7,0.92,8,7.84,1.92,25.41,11.62,21.34,paid,40,user_03265
ride_0000095,2025-01-01 08:22:29,2025-01-01,8,2,0,1,Jarun,Donji grad,45.792739,15.937774,45.806535,15.971288,3.017,rain,-0.0,0.92,3,5.92,1.0,16.46,7.71,7.75,paid,18,user_01675
ride_0000096,2025-01-01 08:23:32,2025-01-01,8,2,0,1,Pescenica,Airport,45.793911,16.029102,45.753174,16.068083,5.446,rain,-0.4,0.92,5,5.44,1.39,24.67,11.29,15.78,paid,22,user_00528
ride_0000097,2025-01-01 08:24:54,2025-01-01,8,2,0,1,Dubrava,Gornji grad,45.838776,16.040551,45.813879,15.969856,6.138,rain,2.0,0.92,8,7.84,2.12,,,,cancelled,19,user_03374
ride_0000098,2025-01-01 08:26:41,2025-01-01,8,2,0,1,Maksimir,Airport,45.824975,16.020652,45.74942,16.070096,9.235,rain,1.8,0.92,4,6.4,1.82,49.22,19.23,37.33,paid,33,user_01601
ride_0000099,2025-01-01 08:27:47,2025-01-01,8,2,0,1,Novi Zagreb,Airport,45.77612,15.986517,45.742674,16.063206,7.016,rain,4.7,0.92,5,9.28,2.21,24.21,12.45,27.44,paid,15,user_00554
ride_0000100,2025-01-01 08:28:56,2025-01-01,8,2,0,1,Pescenica,Dubrava,45.80123,16.02513,45.837832,16.043939,4.323,rain,2.0,0.92,5,5.44,1.47,20.19,9.5,14.47,paid,55,user_03225
ride_0000101,2025-01-01 08:31:26,2025-01-01,8,2,0,1,Trnje,Gornji grad,45.79499,15.987206,45.82674,15.975208,3.651,rain,0.0,0.92,5,7.36,1.51,18.61,8.64,13.42,paid,46,user_00010
ride_0000102,2025-01-01 08:34:10,2025-01-01,8,2,0,1,Sesvete,Airport,45.831597,16.107793,45.735443,16.060656,11.299,rain,-0.5,0.92,6,6.88,1.9,39.34,18.91,34.9,paid,31,user_02209
ride_0000103,2025-01-01 08:34:52,2025-01-01,8,2,0,1,Dubrava,Gornji grad,45.833531,16.033772,45.8167,15.975052,4.92,rain,3.7,0.92,8,7.84,2.02,23.78,10.69,21.97,paid,20,user_00615
ride_0000104,2025-01-01 08:35:15,2025-01-01,8,2,0,1,Maksimir,Velika Gorica,45.821293,16.022469,45.712108,16.081965,12.988,rain,0.5,0.92,4,6.4,1.68,39.4,20.27,34.1,paid,13,user_02017
ride_0000105,2025-01-01 08:35:30,2025-01-01,8,2,0,1,Velika Gorica,Gornji grad,45.720107,16.074407,45.819907,15.978645,13.354,rain,0.7,0.92,3,5.44,1.74,69.2,26.52,46.74,paid,20,user_01678
ride_0000106,2025-01-01 08:37:12,2025-01-01,8,2,0,1,Dubrava,Jarun,45.835021,16.049291,45.770462,15.929181,11.757,rain,0.4,0.92,8,7.84,1.85,41.38,19.68,37.49,paid,58,user_00476
ride_0000107,2025-01-01 08:43:27,2025-01-01,8,2,0,1,Trnje,Donji grad,45.796206,15.988334,45.803096,15.97187,1.489,rain,-0.9,0.92,5,7.36,1.56,4.87,4.17,6.31,paid,40,user_02399
ride_0000108,2025-01-01 08:45:08,2025-01-01,8,2,0,1,Dubrava,Airport,45.829351,16.034481,45.743282,16.06752,9.907,rain,2.2,0.92,8,7.84,2.05,42.85,18.5,39.1,paid,17,user_02699
ride_0000109,2025-01-01 08:45:16,2025-01-01,8,2,0,1,Jarun,Airport,45.782541,15.93135,45.738881,16.069803,11.787,rain,1.6,0.92,3,5.92,1.35,41.34,19.7,26.63,paid,10,user_01259
ride_0000110,2025-01-01 08:46:57,2025-01-01,8,2,0,1,Sesvete,Jarun,45.832708,16.112215,45.78633,15.928606,15.137,rain,-6.2,0.92,6,6.88,2.08,,,,cancelled,45,user_01021
ride_0000111,2025-01-01 08:47:07,2025-01-01,8,2,0,1,Velika Gorica,Donji grad,45.705623,16.073617,45.804488,15.982497,13.07,rain,-0.5,0.92,3,5.44,1.92,54.04,23.26,44.82,paid,48,user_02530
ride_0000112,2025-01-01 08:48:11,2025-01-01,8,2,0,1,Novi Zagreb,Maksimir,45.767974,15.994088,45.827048,16.008325,6.661,rain,-1.2,0.92,5,9.28,2.29,26.44,12.62,28.35,paid,57,user_03443
ride_0000113,2025-01-01 08:48:23,2025-01-01,8,2,0,1,Trnje,Donji grad,45.792029,15.978931,45.802099,15.977968,1.122,rain,-2.0,0.92,5,7.36,1.63,5.89,4.08,6.57,paid,29,user_00513
ride_0000114,2025-01-01 08:50:51,2025-01-01,8,2,0,1,Novi Zagreb,Donji grad,45.769992,15.99533,45.805485,15.981855,4.083,rain,-2.5,0.92,5,9.28,2.06,12.61,7.79,15.85,paid,52,user_02179
ride_0000115,2025-01-01 08:50:56,2025-01-01,8,2,0,1,Jarun,Crnomerec,45.786313,15.939238,45.82628,15.945446,4.47,rain,2.6,0.92,3,5.92,1.3,16.57,8.89,11.58,paid,21,user_00861
ride_0000116,2025-01-01 08:53:05,2025-01-01,8,2,0,1,Velika Gorica,Gornji grad,45.723597,16.068362,45.812992,15.982527,11.964,rain,-3.6,0.92,3,5.44,1.76,49.8,21.53,37.61,paid,7,user_01691
ride_0000117,2025-01-01 08:55:20,2025-01-01,8,2,0,1,Crnomerec,Airport,45.820442,15.942581,45.736717,16.065151,13.305,rain,-1.1,0.92,1,6.4,1.87,52.26,23.1,46.08,paid,40,user_02491
ride_0000118,2025-01-01 08:56:08,2025-01-01,8,2,0,1,Sesvete,Airport,45.846185,16.106829,45.750758,16.070318,10.982,rain,1.6,0.92,6,6.88,1.85,50.76,20.94,38.47,paid,15,user_01083
ride_0000119,2025-01-01 08:56:24,2025-01-01,8,2,0,1,Tresnjevka,Donji grad,45.794068,15.948788,45.801171,15.973205,2.051,rain,2.9,0.92,4,8.8,2.1,11.57,5.95,12.91,paid,15,user_02996
ride_0000120,2025-01-01 08:57:45,2025-01-01,8,2,0,1,Maksimir,Dubrava,45.815213,16.002839,45.828539,16.047162,3.741,rain,4.2,0.92,4,6.4,1.62,15.84,8.16,13.96,paid,42,user_02105
ride_0000121,2025-01-01 08:57:58,2025-01-01,8,2,0,1,Pescenica,Donji grad,45.793965,16.033772,45.809098,15.977507,4.675,rain,-7.0,0.92,5,5.44,1.42,15.19,8.78,13.09,paid,28,user_00770
ride_0000122,2025-01-01 09:00:26,2025-01-01,9,2,0,1,Jarun,Airport,45.782767,15.950797,45.743715,16.069367,10.171,rain,3.0,0.92,2,5.77,1.15,61.09,22.35,26.25,paid,52,user_01478
ride_0000123,2025-01-01 09:03:01,2025-01-01,9,2,0,1,Velika Gorica,Novi Zagreb,45.709351,16.077184,45.773057,15.999926,9.28,rain,1.5,0.92,5,5.3,1.41,51.22,19.67,26.44,paid,31,user_01855
ride_0000124,2025-01-01 09:04:54,2025-01-01,9,2,0,1,Novi Zagreb,Donji grad,45.773902,16.00034,45.81102,15.975466,4.556,rain,-0.9,0.92,5,9.05,1.53,22.4,10.12,14.94,paid,43,user_01589
ride_0000125,2025-01-01 09:05:02,2025-01-01,9,2,0,1,Maksimir,Novi Zagreb,45.826818,16.01005,45.766368,15.997986,6.787,rain,1.7,0.92,4,6.24,1.25,28.9,13.21,17.07,paid,52,user_00824
ride_0000126,2025-01-01 09:07:58,2025-01-01,9,2,0,1,Novi Zagreb,Trnje,45.777182,15.996733,45.800187,15.976812,2.988,rain,1.6,0.92,5,9.05,1.48,13.38,7.07,10.88,paid,22,user_03774
ride_0000127,2025-01-01 09:11:23,2025-01-01,9,2,0,1,Maksimir,Trnje,45.809502,16.013284,45.79411,15.975529,3.39,rain,4.1,0.92,4,6.24,1.11,15.85,7.88,8.47,paid,44,user_00310
ride_0000128,2025-01-01 09:13:28,2025-01-01,9,2,0,1,Velika Gorica,Novi Zagreb,45.709939,16.071624,45.777163,15.991785,9.709,rain,1.8,0.92,5,5.3,1.19,35.13,16.79,20.94,paid,44,user_00964
ride_0000129,2025-01-01 09:14:18,2025-01-01,9,2,0,1,Velika Gorica,Sesvete,45.717746,16.067578,45.832775,16.110966,13.226,rain,0.3,0.92,5,5.3,1.34,80.86,28.75,39.45,paid,43,user_02201
ride_0000130,2025-01-01 09:18:56,2025-01-01,9,2,0,1,Novi Zagreb,Maksimir,45.766042,15.994951,45.82441,16.013633,6.65,rain,-3.5,0.92,5,9.05,1.43,26.74,12.67,17.29,paid,55,user_00471
ride_0000131,2025-01-01 09:19:46,2025-01-01,9,2,0,1,Pescenica,Maksimir,45.80905,16.035381,45.830249,16.015151,2.831,rain,-0.3,0.92,3,5.3,1.21,14.96,7.26,9.04,paid,26,user_00732
ride_0000132,2025-01-01 09:21:27,2025-01-01,9,2,0,1,Donji grad,Tresnjevka,45.793637,15.976234,45.798982,15.942706,2.666,rain,3.9,0.92,3,8.11,1.29,11.08,6.35,8.2,paid,43,user_00064
ride_0000133,2025-01-01 09:21:54,2025-01-01,9,2,0,1,Trnje,Donji grad,45.793897,15.982342,45.805361,15.981255,1.278,rain,2.3,0.92,1,7.18,1.33,4.2,3.86,5.14,paid,40,user_02504
ride_0000134,2025-01-01 09:22:59,2025-01-01,9,2,0,1,Novi Zagreb,Maksimir,45.765687,15.992312,45.827373,16.012153,7.03,rain,7.3,0.92,5,9.05,1.62,31.74,13.97,22.54,paid,40,user_00162
ride_0000135,2025-01-01 09:27:38,2025-01-01,9,2,0,1,Sesvete,Donji grad,45.833756,16.109431,45.806364,15.985431,10.08,rain,7.2,0.92,1,6.71,1.29,44.48,18.96,24.07,paid,47,user_02525
ride_0000136,2025-01-01 09:29:20,2025-01-01,9,2,0,1,Pescenica,Crnomerec,45.798583,16.021411,45.817331,15.944011,6.351,rain,-2.9,0.92,3,5.3,1.17,28.45,12.77,14.55,paid,31,user_03790
ride_0000137,2025-01-01 09:29:53,2025-01-01,9,2,0,1,Tresnjevka,Airport,45.799221,15.946568,45.755572,16.077197,11.233,rain,-1.4,0.92,2,8.58,1.54,53.28,21.64,35.38,paid,44,user_00242
ride_0000138,2025-01-01 09:31:31,2025-01-01,9,2,0,1,Novi Zagreb,Airport,45.768536,15.984978,45.738307,16.06016,6.732,rain,0.1,0.92,5,9.05,1.64,24.0,12.19,18.81,paid,57,user_01747
ride_0000139,2025-01-01 09:33:06,2025-01-01,9,2,0,1,Crnomerec,Trnje,45.817927,15.927782,45.793969,15.98412,5.115,rain,-4.0,0.92,3,6.24,1.42,18.65,9.82,13.96,paid,49,user_00618
ride_0000140,2025-01-01 09:34:39,2025-01-01,9,2,0,1,Maksimir,Airport,45.82646,16.017227,45.753051,16.071533,9.185,rain,8.5,0.92,4,6.24,1.36,,,,cancelled,54,user_02537
ride_0000141,2025-01-01 09:34:44,2025-01-01,9,2,0,1,Pescenica,Maksimir,45.791207,16.028089,45.819032,16.016745,3.217,rain,2.5,0.92,3,5.3,1.28,,,,cancelled,13,user_01793
ride_0000142,2025-01-01 09:35:44,2025-01-01,9,2,0,1,Jarun,Airport,45.783218,15.933047,45.735647,16.061286,11.267,rain,0.7,0.92,2,5.77,1.24,46.88,20.39,25.39,paid,24,user_00795
ride_0000143,2025-01-01 09:37:38,2025-01-01,9,2,0,1,Donji grad,Novi Zagreb,45.799406,15.978637,45.766136,15.997092,3.967,rain,-5.5,0.92,3,8.11,1.26,14.21,8.02,10.06,paid,38,user_03996
ride_0000144,2025-01-01 09:37:56,2025-01-01,9,2,0,1,Dubrava,Donji grad,45.837774,16.037736,45.820553,15.969025,5.658,rain,4.5,0.92,2,7.64,1.46,23.7,11.27,16.84,paid,7,user_00363
ride_0000145,2025-01-01 09:42:22,2025-01-01,9,2,0,1,Velika Gorica,Novi Zagreb,45.72265,16.076931,45.775205,15.986083,9.156,rain,1.7,0.92,5,5.3,1.41,44.82,18.29,25.48,paid,38,user_03249
ride_0000146,2025-01-01 09:43:45,2025-01-01,9,2,0,1,Donji grad,Sesvete,45.817721,15.979932,45.834045,16.110619,10.288,rain,2.7,0.92,3,8.11,1.08,52.58,20.75,21.01,paid,51,user_00701
ride_0000147,2025-01-01 09:45:33,2025-01-01,9,2,0,1,Crnomerec,Trnje,45.806461,15.943337,45.798002,15.986672,3.489,rain,-3.1,0.92,3,6.24,1.25,11.21,7.03,8.29,paid,60,user_00435
ride_0000148,2025-01-01 09:47:11,2025-01-01,9,2,0,1,Crnomerec,Dubrava,45.815958,15.944953,45.825631,16.044659,7.801,rain,1.5,0.92,3,6.24,1.28,35.13,15.27,20.12,paid,12,user_03858
ride_0000149,2025-01-01 09:47:37,2025-01-01,9,2,0,1,Velika Gorica,Donji grad,45.719435,16.070889,45.805469,15.97738,12.006,rain,1.0,0.92,5,5.3,1.32,50.42,21.69,28.16,paid,35,user_01847
ride_0000150,2025-01-01 09:48:13,2025-01-01,9,2,0,1,Tresnjevka,Pescenica,45.807574,15.94598,45.792073,16.034456,7.072,rain,2.3,0.92,2,8.58,1.42,25.83,12.82,19.11,paid,55,user_00676
ride_0000151,2025-01-01 09:52:58,2025-01-01,9,2,0,1,Gornji grad,Tresnjevka,45.828067,15.977758,45.799014,15.948111,3.964,rain,3.9,0.92,1,4.84,1.28,13.93,7.96,10.23,paid,34,user_00197
ride_0000152,2025-01-01 09:57:53,2025-01-01,9,2,0,1,Maksimir,Airport,45.824869,16.01697,45.746006,16.069958,9.684,rain,4.8,0.92,4,6.24,1.25,47.23,19.19,24.1,paid,27,user_02820
ride_0000153,2025-01-01 09:58:04,2025-01-01,9,2,0,1,Dubrava,Airport,45.819024,16.033258,45.749059,16.065407,8.169,rain,-3.8,0.92,2,7.64,1.32,25.63,13.66,18.29,paid,15,user_00912
ride_0000154,2025-01-01 10:01:07,2025-01-01,10,2,0,0,Trnje,Airport,45.787445,15.981418,45.753394,16.075094,8.193,rain,-2.5,0.45,4,6.62,1.26,20.31,12.62,16.09,paid,45,user_02321
ride_0000155,2025-01-01 10:02:49,2025-01-01,10,2,0,0,Velika Gorica,Airport,45.718264,16.075045,45.741898,16.061048,2.844,rain,-6.9,0.45,2,4.9,1.0,9.69,6.21,6.12,paid,26,user_00472
ride_0000156,2025-01-01 10:03:20,2025-01-01,10,2,0,0,Crnomerec,Donji grad,45.819404,15.94554,45.807614,15.97436,2.59,rain,2.3,0.45,1,5.76,1.05,10.32,6.14,6.32,paid,8,user_00565
ride_0000157,2025-01-01 10:04:13,2025-01-01,10,2,0,0,Tresnjevka,Gornji grad,45.806354,15.94604,45.824119,15.961828,2.324,rain,1.5,0.45,4,7.92,1.22,7.25,5.31,6.58,paid,52,user_03470
ride_0000158,2025-01-01 10:05:09,2025-01-01,10,2,0,0,Maksimir,Sesvete,45.840753,16.005395,45.832751,16.105891,7.836,rain,0.5,0.45,2,5.76,1.23,23.18,12.9,15.82,paid,27,user_03132
ride_0000159,2025-01-01 10:07:46,2025-01-01,10,2,0,0,Jarun,Trnje,45.776406,15.935509,45.795789,15.984908,4.395,rain,3.6,0.45,1,5.33,1.36,13.76,8.27,11.31,paid,7,user_02914
ride_0000160,2025-01-01 10:14:17,2025-01-01,10,2,0,0,Sesvete,Donji grad,45.837835,16.102315,45.806812,15.984841,9.735,rain,0.9,0.45,4,6.19,1.35,30.93,15.97,22.18,paid,13,user_03631
ride_0000161,2025-01-01 10:14:36,2025-01-01,10,2,0,0,Trnje,Dubrava,45.79573,15.987433,45.833771,16.03127,5.425,rain,1.4,0.45,4,6.62,1.24,21.47,10.63,12.93,paid,57,user_03319
ride_0000162,2025-01-01 10:16:08,2025-01-01,10,2,0,0,Tresnjevka,Jarun,45.797925,15.946558,45.781636,15.93977,1.886,rain,-1.7,0.45,4,7.92,1.35,7.47,5.0,7.03,paid,31,user_01609
ride_0000163,2025-01-01 10:20:44,2025-01-01,10,2,0,0,Sesvete,Donji grad,45.830173,16.112974,45.8047,15.976855,10.923,rain,-6.7,0.45,4,6.19,1.11,30.27,16.79,18.69,paid,15,user_00756
ride_0000164,2025-01-01 10:21:38,2025-01-01,10,2,0,0,Tresnjevka,Maksimir,45.804064,15.945695,45.837902,16.009053,6.186,rain,5.7,0.45,4,7.92,1.25,18.87,10.72,13.6,paid,5,user_03947
ride_0000165,2025-01-01 10:30:47,2025-01-01,10,2,0,0,Trnje,Gornji grad,45.791237,15.986211,45.818011,15.976024,3.08,rain,0.1,0.45,4,6.62,1.21,9.76,6.42,7.67,paid,37,user_03920
ride_0000166,2025-01-01 10:31:38,2025-01-01,10,2,0,0,Airport,Trnje,45.737676,16.066538,45.787506,15.977379,8.862,rain,-1.8,0.45,1,4.03,1.26,25.75,14.24,18.36,paid,9,user_03932
ride_0000167,2025-01-01 10:36:29,2025-01-01,10,2,0,0,Donji grad,Dubrava,45.806983,15.969388,45.829457,16.037093,5.812,rain,-1.6,0.45,1,7.49,1.14,20.69,10.79,12.49,paid,28,user_01394
ride_0000168,2025-01-01 10:47:11,2025-01-01,10,2,0,0,Novi Zagreb,Maksimir,45.77688,15.992899,45.822916,16.013722,5.367,rain,1.5,0.45,1,8.35,1.07,15.32,9.36,10.33,paid,28,user_03843
ride_0000169,2025-01-01 10:47:14,2025-01-01,10,2,0,0,Maksimir,Sesvete,45.822125,16.008248,45.833217,16.107482,7.787,rain,-4.9,0.45,2,5.76,1.24,19.4,12.11,14.32,paid,25,user_00109
ride_0000170,2025-01-01 10:49:10,2025-01-01,10,2,0,0,Trnje,Novi Zagreb,45.789526,15.985684,45.766845,15.987144,2.525,rain,-3.7,0.45,4,6.62,1.14,11.46,6.31,7.06,paid,8,user_00361
ride_0000171,2025-01-01 10:51:23,2025-01-01,10,2,0,0,Tresnjevka,Trnje,45.791935,15.945289,45.794356,15.991322,3.579,rain,-1.7,0.45,4,7.92,1.17,11.99,7.26,8.62,paid,58,user_03653
ride_0000172,2025-01-01 10:52:03,2025-01-01,10,2,0,0,Velika Gorica,Tresnjevka,45.71009,16.07634,45.799236,15.949719,13.956,rain,-4.4,0.45,2,4.9,1.19,33.71,19.91,24.27,paid,32,user_03467
ride_0000173,2025-01-01 10:55:31,2025-01-01,10,2,0,0,Sesvete,Gornji grad,45.824903,16.107333,45.818764,15.96193,11.288,rain,6.1,0.45,4,6.19,1.21,31.82,17.39,22.14,paid,8,user_01799
ride_0000174,2025-01-01 10:59:43,2025-01-01,10,2,0,0,Sesvete,Airport,45.833446,16.111734,45.74429,16.077528,10.262,rain,0.2,0.45,4,6.19,1.16,23.16,14.84,17.07,paid,59,user_00392
ride_0000175,2025-01-01 11:02:19,2025-01-01,11,2,0,0,Maksimir,Gornji grad,45.820264,16.013776,45.822039,15.97481,3.026,rain,1.6,0.45,1,5.76,1.09,,,,cancelled,5,user_02244
ride_0000176,2025-01-01 11:04:27,2025-01-01,11,2,0,0,Crnomerec,Donji grad,45.819361,15.932407,45.814569,15.976991,3.496,rain,3.9,0.45,5,5.76,1.11,11.63,7.12,8.21,paid,31,user_01296
ride_0000177,2025-01-01 11:06:21,2025-01-01,11,2,0,0,Sesvete,Maksimir,45.840778,16.117704,45.81621,16.018918,8.127,rain,-1.0,0.45,3,6.19,1.24,28.63,14.23,17.74,paid,22,user_00074
ride_0000178,2025-01-01 11:06:31,2025-01-01,11,2,0,0,Crnomerec,Tresnjevka,45.81892,15.937502,45.803591,15.950041,1.962,rain,-0.4,0.45,5,5.76,1.37,6.85,4.94,6.76,paid,44,user_03440
ride_0000179,2025-01-01 11:06:45,2025-01-01,11,2,0,0,Trnje,Crnomerec,45.799751,15.976906,45.810917,15.928985,3.917,rain,-3.0,0.45,3,6.62,1.28,,,,cancelled,11,user_00085
ride_0000180,2025-01-01 11:07:02,2025-01-01,11,2,0,0,Tresnjevka,Pescenica,45.796538,15.943536,45.795724,16.02603,6.396,rain,1.1,0.45,6,7.92,1.13,16.72,10.46,11.96,paid,28,user_00560
ride_0000181,2025-01-01 11:08:17,2025-01-01,11,2,0,0,Tresnjevka,Pescenica,45.795086,15.940291,45.807816,16.030305,7.12,rain,-5.0,0.45,6,7.92,1.13,22.49,12.19,13.87,paid,2,user_03383
ride_0000182,2025-01-01 11:11:51,2025-01-01,11,2,0,0,Crnomerec,Donji grad,45.824992,15.932702,45.817172,15.97732,3.565,rain,-1.7,0.45,5,5.76,1.21,13.29,7.51,9.07,paid,36,user_02475
ride_0000183,2025-01-01 11:11:54,2025-01-01,11,2,0,0,Donji grad,Pescenica,45.802225,15.977675,45.797796,16.02746,3.891,rain,-2.0,0.45,1,7.49,1.1,12.45,7.6,8.69,paid,12,user_02202
ride_0000184,2025-01-01 11:13:18,2025-01-01,11,2,0,0,Pescenica,Donji grad,45.801158,16.036604,45.811984,15.972745,5.094,rain,2.9,0.45,2,4.9,1.1,18.15,9.71,10.2,paid,15,user_03943
ride_0000185,2025-01-01 11:13:26,2025-01-01,11,2,0,0,Tresnjevka,Sesvete,45.799088,15.950642,45.833126,16.102449,12.359,rain,-2.9,0.45,6,7.92,1.28,41.09,20.11,24.88,paid,23,user_00288
ride_0000186,2025-01-01 11:15:39,2025-01-01,11,2,0,0,Novi Zagreb,Airport,45.771164,15.984462,45.747908,16.062499,6.583,rain,-1.4,0.45,3,8.35,1.31,24.26,12.12,15.48,paid,22,user_03541
ride_0000187,2025-01-01 11:17:45,2025-01-01,11,2,0,0,Jarun,Donji grad,45.782785,15.942392,45.806854,15.975286,3.697,rain,-5.4,0.45,4,5.33,1.14,11.77,7.31,8.26,paid,15,user_03624
ride_0000188,2025-01-01 11:20:27,2025-01-01,11,2,0,0,Jarun,Airport,45.787161,15.929767,45.744174,16.077514,12.417,rain,0.9,0.45,4,5.33,1.27,33.38,18.61,23.81,paid,46,user_03242
ride_0000189,2025-01-01 11:22:13,2025-01-01,11,2,0,0,Trnje,Crnomerec,45.791848,15.979501,45.822682,15.943959,4.398,rain,-0.9,0.45,3,6.62,1.27,15.08,8.53,10.7,paid,36,user_03771
ride_0000190,2025-01-01 11:25:01,2025-01-01,11,2,0,0,Novi Zagreb,Maksimir,45.767673,15.994306,45.823725,16.013342,6.405,rain,5.4,0.45,3,8.35,1.25,16.87,10.5,13.41,paid,19,user_01495
ride_0000191,2025-01-01 11:28:25,2025-01-01,11,2,0,0,Dubrava,Pescenica,45.837983,16.024232,45.803434,16.013526,3.93,rain,3.4,0.45,2,7.06,1.32,19.61,9.07,11.74,paid,31,user_00615
ride_0000192,2025-01-01 11:31:28,2025-01-01,11,2,0,0,Tresnjevka,Novi Zagreb,45.792075,15.939088,45.775551,15.979613,3.64,rain,0.2,0.45,6,7.92,1.11,16.3,8.17,8.9,paid,33,user_01249
ride_0000193,2025-01-01 11:31:48,2025-01-01,11,2,0,0,Tresnjevka,Pescenica,45.789147,15.946442,45.791251,16.031079,6.567,rain,2.0,0.45,6,7.92,1.18,31.36,13.53,15.95,paid,3,user_00412
ride_0000194,2025-01-01 11:32:09,2025-01-01,11,2,0,0,Velika Gorica,Pescenica,45.70611,16.075513,45.790363,16.018214,10.37,rain,-5.1,0.45,1,4.9,1.18,31.45,16.59,18.9,paid,41,user_02697
ride_0000195,2025-01-01 11:35:54,2025-01-01,11,2,0,0,Trnje,Novi Zagreb,45.800536,15.986567,45.77085,15.98887,3.306,rain,-0.8,0.45,3,6.62,1.11,10.25,6.69,7.12,paid,41,user_00601
ride_0000196,2025-01-01 11:36:55,2025-01-01,11,2,0,0,Sesvete,Airport,45.828568,16.104185,45.740002,16.074791,10.108,rain,-0.0,0.45,3,6.19,1.2,32.33,16.55,19.19,paid,19,user_03700
ride_0000197,2025-01-01 11:37:30,2025-01-01,11,2,0,0,Jarun,Maksimir,45.783168,15.938637,45.820751,16.013433,7.147,rain,-2.0,0.45,4,5.33,1.36,23.74,12.47,16.45,paid,52,user_01686
ride_0000198,2025-01-01 11:41:03,2025-01-01,11,2,0,0,Dubrava,Gornji grad,45.838575,16.036532,45.81925,15.972882,5.38,rain,1.8,0.45,2,7.06,1.11,13.7,9.04,10.28,paid,56,user_02327
ride_0000199,2025-01-01 11:43:56,2025-01-01,11,2,0,0,Crnomerec,Donji grad,45.811165,15.949606,45.812061,15.977445,2.16,rain,0.8,0.45,5,5.76,1.19,8.96,5.52,6.44,paid,48,user_02017
